{
  "autobio": false,
  "onlyRegister": false,
  "anticall": true,
  "gconly": false,
  "pconly": false,
  "autosholat": false,
  "autorespond": false,
  "autoblok212": true,
  "autoread": true,
  "similarity": true,
  "antispams": true,
  "autotyping": true,
  "autorecording": false,
  "onlygcjoin": false,
  "grupaddSet": false,
  "rpgsetStats": false,
  "autoviewsw": true,
  "autolimit": true,
  "multiprefix": true,
  "noprefix": false,
  "prefixset": "",
  "gamewaktu": 60000,
  "spamsCount": 5000,
  "GlimitCount": 100,
  "limitCount": 70,
  "saldoCount": 50000,
  "warnCount": 5,
  "toxicCount": 5,
  "Antilink2Count": 5,
  "gcount": {
    "prem": 5000000,
    "user": 15
  }
}